{
  "n_markets": 506,
  "n_rows_history": 958432,
  "points_per_market": {
    "min": 234,
    "max": 2073,
    "mean": 1894.1343873517787,
    "median": 2038.0
  },
  "std_prob_per_market": {
    "min": 0.0,
    "max": 0.37874911236244097,
    "mean": 0.11230461828149213,
    "pct_under_0_01": 9.881422924901186
  },
  "last_point_hours_to_expiry": {
    "p10": -2.9219444444444447,
    "p50": -2.4202777777777778,
    "p90": -2.0866666666666664
  }
}